{"cameraMode":{"drawMode":0,"name":"Shaded","section":"Shading Mode"},"sceneLighting":true,"audioPlay":false,"sceneViewState":{"m_AlwaysRefresh":false,"showFog":true,"showSkybox":true,"showFlares":true,"showImageEffects":true,"showParticleSystems":true,"showVisualEffectGraphs":true,"m_FxEnabled":true},"in2DMode":false,"pivot":{"x":-10.449187278747559,"y":7.240636348724365,"z":4.3641357421875},"rotation":{"x":0.36346516013145449,"y":0.008384584449231625,"z":-0.0032715066336095335,"w":0.931566059589386},"size":9.100589752197266,"orthographic":true}